{"name":[-0.060474048534299364,0.019051491244844385,-0.09087633817932232,0.018129288193974746,0.17956399305002965,-0.050683599516544664,0.09262652076715557,-0.16339336280053532,-0.07922858366202089,0.04921065210108363,0.05493896020716398,0.08566553937935974,0.08164290292493831,0.16689112862363895,-0.21984420210450162,0.12263510308952627,-0.011371192632219975,0.026955031797214656,-0.052905312145001576,-0.0005914301361903463,0.10864489715407157,-0.05886195907559033,-0.09440191286070754,0.05205716537040144,0.02549229824523917,0.023707643555632978,0.0356828638066505,-0.1393788903633031,0.01714127216319729,-0.051667569279658127,-0.09032150202934933,0.09021752168720518,0.018136695555734102,-0.11292327964020346,0.12571293130878083,-0.026859661567336452,-0.03786642903878955,0.12743667970907832,0.07927126451908448,-0.11716421904114094,-0.07332106979542326,-0.15040597487821167,-0.16473754449241604,-0.034085975582593256,-0.0011527491599502852,0.040276887870460895,-0.12149874743301306,-0.2325196276390861,0.028309143351650617,0.1060216699542849,-0.005251090617945477,0.06427483618127867,0.02521069254739664,-0.07018728500407065,0.174361792500819,-0.05985129431275907,-0.11860100354498519,0.024585156847175438,-0.18713611613236703,-0.07145857905052212,-0.08544922045935732,-0.16381043987972466,0.0652068449690278,-0.07791701148559695,0.03144861702923364,0.18241842384438497,-0.21776392465257677,-0.027209086496093368,0.013015115006229457,0.035356716183494674,0.06415413336442698,-0.1507850886659016,0.04768632763399441,-0.2021580333827196,0.08140227659804052,-0.07813826030778678,0.08199904820587696,-0.039032177942790396,-0.048798353696780365,0.06956733558580089,-0.14945482903299104,0.05107138119845614,0.05242067560957076,-0.11111899392998188,0.03731044102512815,-0.12372295739067479,0.003466369814733914,-0.1749517863222249,0.04560020884105217,0.1061568117718453,0.01594470372639187,0.09438262833577239,0.1963880739615786,-0.129985956352736,-0.05600836154550625,0.09711462892425125,0.04870212045581737,0.10759878153271647,-0.020419092409854792,-0.07272164833894855],"quantity":[-0.023774381949236884,0.11455922532120838,-0.1063735816090419,0.05037268912491609,0.11859698772879258,-0.0739741165155364,0.1368212296623591,0.006376984630386362,0.043181536430995725,-0.15257287157187632,0.018838513639689667,0.12368815976346917,0.07880375483544824,0.08024076473502428,-0.16952685770415776,0.11949442905156157,0.12186435154343145,0.0843626470223812,-0.03865125180395497,-0.04749770836776389,-0.04871762146311151,-0.19473110501915988,-0.14628511860763688,0.007038008175171008,0.09113349566900317,0.1216477566291603,0.09663334881748677,-0.08461994835797512,0.030486786012130618,0.04225978415112419,0.04772266965563968,-0.048297584510299515,0.014515179551116602,-0.07326297511899157,0.14982930550354712,0.007382261781358835,-0.1044047568859969,0.12260615014709915,-0.03553397520533958,-0.1277906334893387,-0.13894759419701877,-0.04201649593552121,-0.11646788306371031,-0.10836596857990625,-0.007222731585873847,-0.038475038629977254,-0.0036684171727955437,-0.1402564695743716,-0.07309113275991844,0.04494395951532559,0.00650624189705549,-0.03635724300417327,0.015887618536641366,-0.06148744212712809,0.06678993825349379,-0.03474526135348331,-0.08600287807366022,0.04120462305557718,-0.05487975275084278,-0.13227494023519218,-0.09022776115779235,-0.03493434856607448,0.09992293197673557,0.06106959189878019,-0.0019044742706237998,-0.010571713222461684,-0.22589624483124185,0.059674720199812036,0.04810648771617432,-0.01508478934358168,0.09273099325745716,-0.1104958321546515,0.11781770066659121,-0.08663676141200101,0.2540643729445949,-0.00005787323393322872,-0.01721937468400759,0.058359895735526204,0.024065478437070856,0.026011138816695638,0.09121832755413979,-0.08009608578102313,-0.06771852292773407,-0.0849016972304309,0.15999493001975554,-0.15863849451338993,-0.027926905378083004,-0.05250170626627074,-0.02139527321704175,0.179296524604826,0.21071124190342266,0.24083067799323987,0.16290428104118218,0.07365413216994628,0.14735603686765597,0.023479571833881573,-0.07585276555932789,0.10690852511858713,-0.166470281014366,-0.09534246361392967]}