{"name":[-0.07904349283860086,0.09425079250641107,0.07716124190503006,0.09108197015339423,0.16571481850050354,-0.03422136144718411,0.000660878382751921,-0.059335196852204994,-0.025215190599217716,0.16211494570101992,0.11496506393489503,-0.028625460192856375,-0.005339379338328087,0.05754231062592577,0.10958343288760398,-0.005907727065166587,-0.007097001198703599,-0.004040101500655782,0.04221580341047186,-0.14403075391827083,0.22722424534710473,0.07483543031874529,-0.09132629190700456,0.05302251335108063,-0.06838940377863999,-0.15800914469450125,-0.17684375659759247,-0.09097531378828415,0.1520702363268951,0.10081089181482046,-0.07464212739445455,0.05764970714440892,0.0507390216746832,-0.023726764893755012,-0.01693167499262451,-0.058793769285441166,-0.004594118568309429,-0.058754587067023835,-0.021269186201244034,-0.07973080341860578,0.04959456160663628,0.09259219229663196,-0.03427510402687492,-0.02161903583001932,-0.03998760293007939,0.10551756698099399,-0.21235742007380534,-0.0683200646708621,-0.2552560304928074,-0.07107876169903063,-0.16381853584218176,-0.019927094186311552,-0.021538714590336846,0.18374227405225077,0.059363283609141386,0.008284769912700668,-0.10986868253155485,-0.015644765246554733,-0.11297138787433514,-0.10188953776529587,0.25659830851865173,-0.20586281082963737,0.20083164055773164,-0.1802269178015375,-0.04180442913801334,0.011250802830866602,-0.040972201710914216,-0.007170538284551737,0.09786494642554358,0.028923632177411663,0.11757213507397998,0.039672129408185486,-0.07404388843057054,-0.014531211209237603,-0.06604993242630966,0.060279374173814654,-0.017642288151019273,0.03900088403600073,0.06049573252804449,-0.12979800400294378,0.24395788182356354,-0.0508471497942951,-0.02593793627621757,-0.027429577568070577,0.04468917381295346,-0.1618315914115544,-0.11580797442498236,-0.0026476003009720897,0.07409637419457882,0.02351149720316664,-0.14664619001534354,0.0347448692377064,-0.07481171216970905,-0.050678139685903865,0.05868810148206192,-0.053305389643317685,0.13252428603079086,-0.05763895841960995,-0.027453917393896902,0.016211063345865986],"quantity":[-0.1756371906328681,0.21240627330427167,0.13447132613382165,0.08329522014344398,0.05638878651277405,0.06181640732387334,0.1217161165678272,-0.03613771631330493,-0.253173517252826,-0.017615300610400727,0.05670258866058547,0.08479746727201973,0.14756625969249962,-0.054264716751891644,0.11627745136713714,-0.135496981042002,0.05145534161062247,0.1428407767182478,-0.06680163090324943,-0.13554727958902013,0.14944061672022727,0.08116020896913446,-0.12666619575120427,-0.009929580605268867,-0.017065331391346045,-0.18322892931534096,-0.1748805752622588,-0.13917430059933486,0.11854620018774359,0.06945329903750846,-0.019321766232902222,0.09042294355961598,0.017466173720146288,0.057920279679873794,0.04892658373665643,-0.014536660727130788,0.10585015762843987,0.02085765637784912,-0.08892391490458237,-0.029087637832954143,0.23793336878240856,0.21577314905228512,-0.09365119551668068,-0.0226513154603106,-0.0007609647538547675,-0.02175449761965085,-0.08600703817894759,-0.07354422792866644,-0.16502009890252295,0.08056833672750664,-0.0525462573984858,0.015827104304478135,0.11961234605506915,0.041250433388290104,0.06372296926356523,0.022785848229923324,-0.07016431747263453,-0.060396426589073196,-0.09716396128544162,-0.20306834889917358,0.10466292541278802,-0.15514344542086708,0.09255301377367066,-0.15364311641789385,0.02564445734648536,-0.1209950599621296,0.03123833888648697,-0.0876624867080346,0.07529164614261429,0.05296200541331544,-0.005311217518489505,-0.002170171072483778,-0.07056215927442147,-0.03735320583755236,0.16412590117757367,-0.041205438288274325,-0.05940382982890619,-0.00080627002077726,0.060035460385835925,0.00544275940288244,0.09505272981913436,-0.11587863099335566,-0.09632532347701449,0.05365250298775892,0.08808176722492975,-0.05461607300553557,-0.02211085902080952,0.1696788939590778,-0.0020916118592717724,0.0624336131486467,-0.032968713211560495,0.06331858554131535,0.04035585993071703,0.061763569139781,0.1450524562253983,0.03590669612177062,0.0701454851546363,0.077513183675759,-0.0799867134454289,-0.05245455526212189]}