{
  "name": {
    "correct": {
      "avg": 0.27417970892738763,
      "sd": 0.17124368270855653
    },
    "others": {
      "avg": 0.024311308259460925,
      "sd": 0.17213393049255576
    }
  },
  "quantity": {
    "correct": {
      "avg": 0.4457876113986145,
      "sd": 0.15969031732582326
    },
    "others": {
      "avg": -0.003181282890587959,
      "sd": 0.15602613044116564
    }
  }
}