{
  "name": {
    "correct": {
      "avg": 0.27282981595382516,
      "sd": 0.16975738505727947
    },
    "others": {
      "avg": 0.028708078398612908,
      "sd": 0.17295325995594338
    },
    "wordCounts": {
      "avg": 2.5774293713413083,
      "sd": 2.9345513106883967
    }
  },
  "quantity": {
    "correct": {
      "avg": 0.4455136398564183,
      "sd": 0.15995160240514347
    },
    "others": {
      "avg": 0.0006358406978361683,
      "sd": 0.15529213618032942
    },
    "wordCounts": {
      "avg": 1.9822075167557478,
      "sd": 1.52420145692013
    }
  }
}