{
  "name": {
    "correct": {
      "avg": 0.2741851889834556,
      "sd": 0.17171186996317753
    },
    "others": {
      "avg": 0.02072303872206057,
      "sd": 0.17246825904137034
    }
  },
  "quantity": {
    "correct": {
      "avg": 0.445103629382172,
      "sd": 0.16168718985215902
    },
    "others": {
      "avg": -0.006410152366666039,
      "sd": 0.15371590659076717
    }
  }
}