{"name":[0.04729890081359718,0.019979026864824355,0.1545394368654342,0.11618961039067216,0.16312324543019843,-0.05917876680373093,-0.05992935313844098,-0.2383905264109784,-0.14439946392119143,0.18855460214328795,-0.056729556245521714,0.1001001819123672,0.13487295412405048,0.08249450689102832,0.11887636610496875,-0.05009975474012968,-0.13851924106862554,0.13275349786667617,-0.15992122879933118,-0.12024768920856016,0.011984530195413873,0.09887897197039591,-0.06374950382304591,-0.017360259838950134,0.02057212755352131,0.03147477949628938,0.005185153039150071,0.06134708229524234,-0.037009918201235094,0.06027532385094267,0.008499188975440003,-0.03640651724777986,0.11716620321235921,0.13329016523599846,-0.06887345980141144,-0.02011144067041828,0.036234148057481354,-0.046992290789234795,0.03347482895736278,-0.033055482415454154,0.0855552821487365,0.08379789066287059,0.04660238325485373,0.10177360729646386,-0.10652424165722059,-0.03973194690971882,-0.0385892994217486,-0.11457525370271965,-0.08755379092583651,0.008498657438152386,-0.0042387202671002955,0.05945481483881164,-0.14140985539963194,-0.23266582737626987,0.01937783026081471,-0.007304195308772134,-0.06688534977891446,-0.06724787807763974,-0.22399526371957892,-0.06683962565015791,0.019333691153839108,-0.060286804006160745,0.2927339078814821,-0.1608619781343879,-0.046322677342188395,0.07027002072327104,0.11901241169670805,0.007307736535302631,-0.1962636465203874,0.0758992520904282,-0.0076278092294919594,-0.09505895447261116,-0.05143936884959898,-0.14602243950917113,-0.00663767741734261,-0.04098934650941709,0.04817638168383857,-0.06865807109919118,0.025398275214212045,-0.05882971414180207,-0.15479284886343014,0.09408302398720918,0.05488627328828356,-0.015097901018446032,-0.10800431772852569,-0.05121993262580078,-0.09030460872831043,0.07144789953067467,-0.05409941389337035,0.13198224753113375,-0.1944256005432758,0.005485595844055769,0.18151314291423964,-0.004332299352763909,0.04506616106805986,0.002763293575453738,0.1362185461522548,0.05845960889910162,-0.0005486376610162835,0.057541064195881154],"quantity":[0.16176168146827882,-0.07652818182636698,0.02713258441097317,0.17259747147509777,0.10672407859719867,0.11952351426649938,-0.060677252671251014,-0.12541215957625482,0.02005710833565744,-0.010157739297892125,0.14371153190336253,0.19306369390460582,0.17454695160080197,0.05750056882016249,0.07906723003240584,-0.07223070011368153,-0.02052824547690491,0.17692496202402208,-0.13610906256576266,-0.18566085232686888,-0.0423282364991505,0.03939933020377826,0.029457389722694325,-0.19609935593164338,0.002566707902671341,0.056759866173426564,-0.16305123480060787,0.06504390028456214,0.09867460052509365,-0.09229239467695627,0.055209653224965634,-0.09553144361219983,0.07555596797695717,0.11241002496647454,-0.09170266967873371,-0.006060602311193656,0.05773000328688056,0.07210688558239009,-0.095913791569434,-0.012599332146564298,-0.026290276709730952,0.10600564339042191,-0.042303661310878475,0.1405757379534441,0.02245733100191108,-0.0052826192546784525,0.13361354560506858,-0.1243768145028641,-0.009955681253052016,0.17437124228891662,-0.003102298083424082,-0.04921883723324915,0.07004049293272836,-0.08846022534741155,-0.09804822216317871,0.04933538483632084,-0.0785339651651357,-0.09083173764013834,-0.2067873574345929,-0.08971205157587575,-0.018535703244367378,-0.03881013398289451,0.1366184317490256,-0.031182714175029203,-0.1099300399401799,-0.08679572240200252,0.1432915917739596,0.15149115208904468,0.018372512065331935,0.04747600660710513,0.02989144232860388,-0.13927498420438061,-0.004676795655330454,-0.10363138407067309,-0.013162672835911089,-0.05405168336065691,-0.06374504112738491,-0.038744339807642136,0.14070790317932763,0.013291881032736257,-0.19218491997858014,0.11804991053830079,0.030999983925992198,0.05628580517649456,-0.04181347972829504,0.028051980901988138,-0.05557777373713156,0.10531507711704227,-0.03902638976774846,0.02121258051327842,-0.13049673088653768,0.027828802150821765,0.163340518004727,-0.007570894643203641,0.16889789683672213,-0.02290979598915978,0.0331699931961226,-0.019165197284709834,-0.23224184788543717,0.11101053448980232]}